new_id,steady_pop,resident_count,init_pop,population
US_SanJose_00001,14.077140808105469,14.077140808105469,3073.915631155233,23.288519
US_SanJose_00002,64.18502807617188,64.18502807617188,3073.915631155233,4359.249
US_SanJose_00003,523.6914672851562,523.6914672851562,3073.915631155233,5426.7485
US_SanJose_00004,91.68138122558594,91.68138122558594,3073.915631155233,5534.9326
US_SanJose_00005,541.9713134765625,541.9713134765625,3073.915631155233,4740.3335
US_SanJose_00006,1318.701171875,1318.701171875,3073.915631155233,808.6987
US_SanJose_00007,579.447998046875,579.447998046875,3073.915631155233,2523.017
US_SanJose_00008,9130.544921875,9130.544921875,3073.915631155233,1016.07184
US_SanJose_00009,7789.271484375,7789.271484375,3073.915631155233,2129.712
US_SanJose_00010,32.22243118286133,32.22243118286133,3073.915631155233,3229.1948
US_SanJose_00011,32.29325866699219,32.29325866699219,3073.915631155233,29.032194
US_SanJose_00012,32.36905670166016,32.36905670166016,3073.915631155233,5294.321
US_SanJose_00013,49.3811149597168,49.3811149597168,3073.915631155233,6768.7
US_SanJose_00014,449.17132568359375,449.17132568359375,3073.915631155233,6785.491
US_SanJose_00015,859.8955688476562,859.8955688476562,3073.915631155233,6271.75
US_SanJose_00016,395.3994140625,395.3994140625,3073.915631155233,4762.6475
US_SanJose_00017,3403.107666015625,3403.107666015625,3073.915631155233,3427.6707
US_SanJose_00018,8574.86328125,8574.86328125,3073.915631155233,3431.4746
US_SanJose_00019,10186.701171875,10186.701171875,3073.915631155233,3163.553
US_SanJose_00020,23.88965606689453,23.88965606689453,3073.915631155233,3816.604
US_SanJose_00021,89.60916137695312,89.60916137695312,3073.915631155233,32.003838
US_SanJose_00022,6.423465728759766,6.423465728759766,3073.915631155233,32.848495
US_SanJose_00023,1.249692440032959,1.249692440032959,3073.915631155233,37.23863
US_SanJose_00024,15.341238021850586,15.341238021850586,3073.915631155233,5681.455
US_SanJose_00025,1053.962890625,1053.962890625,3073.915631155233,46.317158
US_SanJose_00026,1527.1307373046875,1527.1307373046875,3073.915631155233,5418.154
US_SanJose_00027,1051.788818359375,1051.788818359375,3073.915631155233,3690.8835
US_SanJose_00028,3834.007568359375,3834.007568359375,3073.915631155233,4184.148
US_SanJose_00029,11504.607421875,11504.607421875,3073.915631155233,3718.5942
US_SanJose_00030,13245.880859375,13245.880859375,3073.915631155233,3490.8145
US_SanJose_00031,19745.814453125,19745.814453125,3073.915631155233,2549.7065
US_SanJose_00032,44.939727783203125,44.939727783203125,3073.915631155233,4200.9277
US_SanJose_00033,45.98405456542969,45.98405456542969,3073.915631155233,36.73957
US_SanJose_00034,29.316123962402344,29.316123962402344,3073.915631155233,5341.3955
US_SanJose_00035,81.51142883300781,81.51142883300781,3073.915631155233,38.993954
US_SanJose_00036,454.6944885253906,454.6944885253906,3073.915631155233,46.854782
US_SanJose_00037,1562.077392578125,1562.077392578125,3073.915631155233,4671.206
US_SanJose_00038,3843.6982421875,3843.6982421875,3073.915631155233,5709.551
US_SanJose_00039,6546.5068359375,6546.5068359375,3073.915631155233,8698.387
US_SanJose_00040,15108.2861328125,15108.2861328125,3073.915631155233,5606.067
US_SanJose_00041,13423.6015625,13423.6015625,3073.915631155233,3695.0793
US_SanJose_00042,8931.865234375,8931.865234375,3073.915631155233,3845.9553
US_SanJose_00043,5513.78173828125,5513.78173828125,3073.915631155233,1861.6139
US_SanJose_00044,69.22034454345703,69.22034454345703,3073.915631155233,4558.456
US_SanJose_00045,37.90103530883789,37.90103530883789,3073.915631155233,39.268417
US_SanJose_00046,58.28815460205078,58.28815460205078,3073.915631155233,6192.587
US_SanJose_00047,101.612060546875,101.612060546875,3073.915631155233,6745.6753
US_SanJose_00048,84.52140045166016,84.52140045166016,3073.915631155233,48.32317
US_SanJose_00049,8.198354721069336,8.198354721069336,3073.915631155233,50.250843
US_SanJose_00050,1676.89453125,1676.89453125,3073.915631155233,4961.2773
US_SanJose_00051,4475.2978515625,4475.2978515625,3073.915631155233,4717.106
US_SanJose_00052,8919.22265625,8919.22265625,3073.915631155233,6080.268
US_SanJose_00053,20202.68359375,20202.68359375,3073.915631155233,12070.245
US_SanJose_00054,14166.5751953125,14166.5751953125,3073.915631155233,11344.065
US_SanJose_00055,2846.449462890625,2846.449462890625,3073.915631155233,7857.2754
US_SanJose_00056,2.040316581726074,2.040316581726074,3073.915631155233,2374.9646
US_SanJose_00057,36.52294921875,36.52294921875,3073.915631155233,2805.8013
US_SanJose_00058,29.236669540405277,29.236669540405277,3073.915631155233,5927.9326
US_SanJose_00059,61.76409149169922,61.76409149169922,3073.915631155233,6400.5356
US_SanJose_00060,35.85831451416016,35.85831451416016,3073.915631155233,50.699455
US_SanJose_00061,63.21232604980469,63.21232604980469,3073.915631155233,6938.5684
US_SanJose_00062,620.9119873046875,620.9119873046875,3073.915631155233,6101.974
US_SanJose_00063,4795.65673828125,4795.65673828125,3073.915631155233,5284.1997
US_SanJose_00064,5972.4287109375,5972.4287109375,3073.915631155233,7616.1143
US_SanJose_00065,8179.06103515625,8179.06103515625,3073.915631155233,3090.9543
US_SanJose_00066,10159.890625,10159.890625,3073.915631155233,6704.911
US_SanJose_00067,13871.806640625,13871.806640625,3073.915631155233,11524.534
US_SanJose_00068,7021.154296875,7021.154296875,3073.915631155233,10391.427
US_SanJose_00069,62.96663284301758,62.96663284301758,3073.915631155233,4775.471
US_SanJose_00070,186.8966522216797,186.8966522216797,3073.915631155233,28.364218
US_SanJose_00071,104.0294189453125,104.0294189453125,3073.915631155233,1381.8011
US_SanJose_00072,58.64496612548828,58.64496612548828,3073.915631155233,5647.1553
US_SanJose_00073,298.767822265625,298.767822265625,3073.915631155233,6034.032
US_SanJose_00074,915.3475341796876,915.3475341796876,3073.915631155233,709.1042
US_SanJose_00075,413.1146545410156,413.1146545410156,3073.915631155233,5666.5005
US_SanJose_00076,6040.7421875,6040.7421875,3073.915631155233,4047.6572
US_SanJose_00077,9962.5322265625,9962.5322265625,3073.915631155233,5473.063
US_SanJose_00078,9276.236328125,9276.236328125,3073.915631155233,3846.4963
US_SanJose_00079,10889.634765625,10889.634765625,3073.915631155233,10624.628
US_SanJose_00080,19529.20703125,19529.20703125,3073.915631155233,11180.076
US_SanJose_00081,10037.919921875,10037.919921875,3073.915631155233,8284.481
US_SanJose_00082,2997.9169921875,2997.9169921875,3073.915631155233,1942.9767
US_SanJose_00083,98.59439086914062,98.59439086914062,3073.915631155233,19.907913
US_SanJose_00084,124.8961181640625,124.8961181640625,3073.915631155233,25.76347
US_SanJose_00085,296.6134338378906,296.6134338378906,3073.915631155233,3465.4634
US_SanJose_00086,49.67333984375,49.67333984375,3073.915631155233,4112.935
US_SanJose_00087,140.8870849609375,140.8870849609375,3073.915631155233,46.384594
US_SanJose_00088,2487.7197265625,2487.7197265625,3073.915631155233,6079.7915
US_SanJose_00089,5272.1865234375,5272.1865234375,3073.915631155233,6074.737
US_SanJose_00090,5667.5,5667.5,3073.915631155233,10016.433
US_SanJose_00091,14769.5009765625,14769.5009765625,3073.915631155233,14350.264
US_SanJose_00092,10357.6416015625,10357.6416015625,3073.915631155233,16072.943
US_SanJose_00093,19216.908203125,19216.908203125,3073.915631155233,17125.94
US_SanJose_00094,17786.44140625,17786.44140625,3073.915631155233,16785.205
US_SanJose_00095,13594.533203125,13594.533203125,3073.915631155233,15852.311
US_SanJose_00096,9060.435546875,9060.435546875,3073.915631155233,15602.123
US_SanJose_00097,264.10205078125,264.10205078125,3073.915631155233,3785.716
US_SanJose_00098,1.5047547817230225,1.5047547817230225,3073.915631155233,30.803326
US_SanJose_00099,1.0335988998413086,1.0335988998413086,3073.915631155233,24.001078
US_SanJose_00100,194.7955017089844,194.7955017089844,3073.915631155233,23.317087
US_SanJose_00101,86.72187042236328,86.72187042236328,3073.915631155233,2872.1023
US_SanJose_00102,316.4001770019531,316.4001770019531,3073.915631155233,35.5543
US_SanJose_00103,98.45418548583984,98.45418548583984,3073.915631155233,41.349876
US_SanJose_00104,806.4467163085938,806.4467163085938,3073.915631155233,47.542522
US_SanJose_00105,2596.158203125,2596.158203125,3073.915631155233,56.52561
US_SanJose_00106,4494.2958984375,4494.2958984375,3073.915631155233,5060.2236
US_SanJose_00107,7549.5205078125,7549.5205078125,3073.915631155233,3457.4397
US_SanJose_00108,13646.8984375,13646.8984375,3073.915631155233,8421.279
US_SanJose_00109,11552.7236328125,11552.7236328125,3073.915631155233,19863.781
US_SanJose_00110,10236.439453125,10236.439453125,3073.915631155233,13387.971
US_SanJose_00111,19293.9609375,19293.9609375,3073.915631155233,19534.756
US_SanJose_00112,12221.517578125,12221.517578125,3073.915631155233,16399.922
US_SanJose_00113,19177.296875,19177.296875,3073.915631155233,10992.17
US_SanJose_00114,4332.28662109375,4332.28662109375,3073.915631155233,1804.1459
US_SanJose_00115,1.285538911819458,1.285538911819458,3073.915631155233,32.461582
US_SanJose_00116,632.8692016601562,632.8692016601562,3073.915631155233,284.6498
US_SanJose_00117,1313.829345703125,1313.829345703125,3073.915631155233,2657.553
US_SanJose_00118,417.1080017089844,417.1080017089844,3073.915631155233,31.36619
US_SanJose_00119,202.02655029296875,202.02655029296875,3073.915631155233,3528.5244
US_SanJose_00120,1011.6658325195312,1011.6658325195312,3073.915631155233,2053.4473
US_SanJose_00121,5184.048828125,5184.048828125,3073.915631155233,3766.5435
US_SanJose_00122,3055.49365234375,3055.49365234375,3073.915631155233,62.81882
US_SanJose_00123,7550.8017578125,7550.8017578125,3073.915631155233,3075.541
US_SanJose_00124,12060.9921875,12060.9921875,3073.915631155233,16173.671
US_SanJose_00125,12384.5908203125,12384.5908203125,3073.915631155233,12840.565
US_SanJose_00126,17074.208984375,17074.208984375,3073.915631155233,18473.445
US_SanJose_00127,18429.69140625,18429.69140625,3073.915631155233,6832.3594
US_SanJose_00128,17519.01171875,17519.01171875,3073.915631155233,19105.178
US_SanJose_00129,4993.271484375,4993.271484375,3073.915631155233,15677.618
US_SanJose_00130,8238.02734375,8238.02734375,3073.915631155233,10653.308
US_SanJose_00131,1200.8060302734375,1200.8060302734375,3073.915631155233,4977.277
US_SanJose_00132,108.85884857177734,108.85884857177734,3073.915631155233,2904.5667
US_SanJose_00133,1.622841715812683,1.622841715812683,3073.915631155233,35.397552
US_SanJose_00134,1.1333074569702148,1.1333074569702148,3073.915631155233,26.377995
US_SanJose_00135,506.58209228515625,506.58209228515625,3073.915631155233,17.896194
US_SanJose_00136,567.9500732421875,567.9500732421875,3073.915631155233,1917.7499
US_SanJose_00137,697.3425903320312,697.3425903320312,3073.915631155233,26.058302
US_SanJose_00138,63.06752014160156,63.06752014160156,3073.915631155233,31.132286
US_SanJose_00139,45.59017562866211,45.59017562866211,3073.915631155233,3291.114
US_SanJose_00140,2144.36572265625,2144.36572265625,3073.915631155233,4002.1973
US_SanJose_00141,7688.8623046875,7688.8623046875,3073.915631155233,11221.179
US_SanJose_00142,5218.595703125,5218.595703125,3073.915631155233,11945.522
US_SanJose_00143,11718.490234375,11718.490234375,3073.915631155233,6587.536
US_SanJose_00144,13910.927734375,13910.927734375,3073.915631155233,17756.717
US_SanJose_00145,20732.57421875,20732.57421875,3073.915631155233,17437.629
US_SanJose_00146,16730.068359375,16730.068359375,3073.915631155233,18011.05
US_SanJose_00147,13862.33203125,13862.33203125,3073.915631155233,19028.715
US_SanJose_00148,16318.9375,16318.9375,3073.915631155233,21032.072
US_SanJose_00149,1574.3409423828125,1574.3409423828125,3073.915631155233,12019.728
US_SanJose_00150,9164.6396484375,9164.6396484375,3073.915631155233,9679.718
US_SanJose_00151,8230.6494140625,8230.6494140625,3073.915631155233,6282.492
US_SanJose_00152,2042.5654296875,2042.5654296875,3073.915631155233,5151.214
US_SanJose_00153,1.0149575471878052,1.0149575471878052,3073.915631155233,38.087128
US_SanJose_00154,579.889892578125,579.889892578125,3073.915631155233,1533.5939
US_SanJose_00155,69.45564270019531,69.45564270019531,3073.915631155233,22.234535
US_SanJose_00156,17.42734146118164,17.42734146118164,3073.915631155233,25.354828
US_SanJose_00157,18.602134704589844,18.602134704589844,3073.915631155233,30.326523
US_SanJose_00158,24.51187515258789,24.51187515258789,3073.915631155233,37.998703
US_SanJose_00159,473.7587585449219,473.7587585449219,3073.915631155233,49.105713
US_SanJose_00160,3490.67236328125,3490.67236328125,3073.915631155233,5896.614
US_SanJose_00161,10027.98046875,10027.98046875,3073.915631155233,2678.9434
US_SanJose_00162,9852.111328125,9852.111328125,3073.915631155233,12126.733
US_SanJose_00163,12840.0078125,12840.0078125,3073.915631155233,19865.861
US_SanJose_00164,18370.150390625,18370.150390625,3073.915631155233,18785.354
US_SanJose_00165,10890.9228515625,10890.9228515625,3073.915631155233,13058.662
US_SanJose_00166,16298.6484375,16298.6484375,3073.915631155233,12860.32
US_SanJose_00167,8558.203125,8558.203125,3073.915631155233,18737.113
US_SanJose_00168,133.71905517578125,133.71905517578125,3073.915631155233,11233.826
US_SanJose_00169,11269.896484375,11269.896484375,3073.915631155233,11435.886
US_SanJose_00170,8247.90234375,8247.90234375,3073.915631155233,9941.292
US_SanJose_00171,4.525156021118164,4.525156021118164,3073.915631155233,54.746284
US_SanJose_00172,3.3991501331329346,3.3991501331329346,3073.915631155233,41.902348
US_SanJose_00173,1.5315626859664917,1.5315626859664917,3073.915631155233,1572.3522
US_SanJose_00174,256.9715576171875,256.9715576171875,3073.915631155233,241.1538
US_SanJose_00175,5.756202697753906,5.756202697753906,3073.915631155233,21.942469
US_SanJose_00176,8.693158149719238,8.693158149719238,3073.915631155233,25.95094
US_SanJose_00177,14.380596160888672,14.380596160888672,3073.915631155233,30.497862
US_SanJose_00178,7.053040504455566,7.053040504455566,3073.915631155233,37.324615
US_SanJose_00179,223.0095672607422,223.0095672607422,3073.915631155233,49.030254
US_SanJose_00180,4422.59228515625,4422.59228515625,3073.915631155233,8735.902
US_SanJose_00181,11619.1455078125,11619.1455078125,3073.915631155233,6844.1274
US_SanJose_00182,11889.3359375,11889.3359375,3073.915631155233,17528.002
US_SanJose_00183,11015.236328125,11015.236328125,3073.915631155233,12915.31
US_SanJose_00184,17194.27734375,17194.27734375,3073.915631155233,17712.979
US_SanJose_00185,18235.546875,18235.546875,3073.915631155233,17313.602
US_SanJose_00186,10573.4296875,10573.4296875,3073.915631155233,23956.0
US_SanJose_00187,2901.0673828125,2901.0673828125,3073.915631155233,5128.9966
US_SanJose_00188,943.8944091796876,943.8944091796876,3073.915631155233,9670.572
US_SanJose_00189,2840.595703125,2840.595703125,3073.915631155233,11686.954
US_SanJose_00190,4053.145263671875,4053.145263671875,3073.915631155233,5052.5635
US_SanJose_00191,7140.279296875,7140.279296875,3073.915631155233,8071.9785
US_SanJose_00192,8515.3125,8515.3125,3073.915631155233,8066.8496
US_SanJose_00193,7635.2685546875,7635.2685546875,3073.915631155233,3212.4753
US_SanJose_00194,270.3453369140625,270.3453369140625,3073.915631155233,145.29723
US_SanJose_00195,22.345081329345703,22.345081329345703,3073.915631155233,18.436375
US_SanJose_00196,2.0253186225891118,2.0253186225891118,3073.915631155233,22.255404
US_SanJose_00197,2.485032320022583,2.485032320022583,3073.915631155233,2041.9586
US_SanJose_00198,1.8680821657180784,1.8680821657180784,3073.915631155233,31.57773
US_SanJose_00199,5.43446683883667,5.43446683883667,3073.915631155233,38.50082
US_SanJose_00200,611.801025390625,611.801025390625,3073.915631155233,51.472473
US_SanJose_00201,10327.38671875,10327.38671875,3073.915631155233,9176.704
US_SanJose_00202,13641.75,13641.75,3073.915631155233,15566.618
US_SanJose_00203,13929.3291015625,13929.3291015625,3073.915631155233,16828.85
US_SanJose_00204,10484.7578125,10484.7578125,3073.915631155233,12502.909
US_SanJose_00205,11859.298828125,11859.298828125,3073.915631155233,16076.13
US_SanJose_00206,13128.0224609375,13128.0224609375,3073.915631155233,19505.047
US_SanJose_00207,12493.4638671875,12493.4638671875,3073.915631155233,14535.102
US_SanJose_00208,12146.3603515625,12146.3603515625,3073.915631155233,16739.229
US_SanJose_00209,3665.6171875,3665.6171875,3073.915631155233,16545.055
US_SanJose_00210,9320.0146484375,9320.0146484375,3073.915631155233,4344.3594
US_SanJose_00211,8036.51025390625,8036.51025390625,3073.915631155233,9458.692
US_SanJose_00212,6387.90625,6387.90625,3073.915631155233,8638.081
US_SanJose_00213,13041.208984375,13041.208984375,3073.915631155233,7212.4814
US_SanJose_00214,4533.4541015625,4533.4541015625,3073.915631155233,2291.7888
US_SanJose_00215,110.55392456054688,110.55392456054688,3073.915631155233,15.397027
US_SanJose_00216,3.1918561458587646,3.1918561458587646,3073.915631155233,18.255049
US_SanJose_00217,4.852776050567627,4.852776050567627,3073.915631155233,22.015726
US_SanJose_00218,5.78967809677124,5.78967809677124,3073.915631155233,291.5665
US_SanJose_00219,3.2154040336608887,3.2154040336608887,3073.915631155233,32.273056
US_SanJose_00220,12.948309898376465,12.948309898376465,3073.915631155233,41.087357
US_SanJose_00221,4322.73681640625,4322.73681640625,3073.915631155233,4796.933
US_SanJose_00222,8553.9755859375,8553.9755859375,3073.915631155233,12085.367
US_SanJose_00223,12368.724609375,12368.724609375,3073.915631155233,16798.271
US_SanJose_00224,12739.34375,12739.34375,3073.915631155233,18307.67
US_SanJose_00225,11763.26171875,11763.26171875,3073.915631155233,9926.857
US_SanJose_00226,11612.859375,11612.859375,3073.915631155233,14214.907
US_SanJose_00227,18741.703125,18741.703125,3073.915631155233,24884.217
US_SanJose_00228,25685.564453125,25685.564453125,3073.915631155233,22062.719
US_SanJose_00229,13614.8447265625,13614.8447265625,3073.915631155233,17099.842
US_SanJose_00230,14571.63671875,14571.63671875,3073.915631155233,13394.909
US_SanJose_00231,15243.341796875,15243.341796875,3073.915631155233,11691.446
US_SanJose_00232,15721.6611328125,15721.6611328125,3073.915631155233,9644.348
US_SanJose_00233,16636.02734375,16636.02734375,3073.915631155233,7984.627
US_SanJose_00234,5576.3251953125,5576.3251953125,3073.915631155233,3365.1973
US_SanJose_00235,283.9015808105469,283.9015808105469,3073.915631155233,30.543398
US_SanJose_00236,7.392388343811035,7.392388343811035,3073.915631155233,21.733454
US_SanJose_00237,39.96188354492188,39.96188354492188,3073.915631155233,15.641492
US_SanJose_00238,5.703734874725342,5.703734874725342,3073.915631155233,18.268333
US_SanJose_00239,6.171984672546387,6.171984672546387,3073.915631155233,21.751354
US_SanJose_00240,15.74123477935791,15.74123477935791,3073.915631155233,26.602188
US_SanJose_00241,18.89535903930664,18.89535903930664,3073.915631155233,33.64129
US_SanJose_00242,1539.14453125,1539.14453125,3073.915631155233,1869.1897
US_SanJose_00243,8845.58984375,8845.58984375,3073.915631155233,1338.4069
US_SanJose_00244,4997.70556640625,4997.70556640625,3073.915631155233,6351.326
US_SanJose_00245,13701.640625,13701.640625,3073.915631155233,10991.543
US_SanJose_00246,13739.9716796875,13739.9716796875,3073.915631155233,13512.755
US_SanJose_00247,12535.345703125,12535.345703125,3073.915631155233,12947.968
US_SanJose_00248,10566.271484375,10566.271484375,3073.915631155233,7099.68
US_SanJose_00249,11960.095703125,11960.095703125,3073.915631155233,18061.064
US_SanJose_00250,20776.234375,20776.234375,3073.915631155233,13467.823
US_SanJose_00251,27314.1953125,27314.1953125,3073.915631155233,14074.938
US_SanJose_00252,15484.3310546875,15484.3310546875,3073.915631155233,13423.446
US_SanJose_00253,14700.455078125,14700.455078125,3073.915631155233,9154.633
US_SanJose_00254,11225.8671875,11225.8671875,3073.915631155233,5948.5146
US_SanJose_00255,1447.2486572265625,1447.2486572265625,3073.915631155233,44.470505
US_SanJose_00256,83.65327453613281,83.65327453613281,3073.915631155233,2599.0876
US_SanJose_00257,9.829914093017578,9.829914093017578,3073.915631155233,26.202997
US_SanJose_00258,3.2742087841033936,3.2742087841033936,3073.915631155233,19.594776
US_SanJose_00259,25.65566635131836,25.65566635131836,3073.915631155233,1148.1633
US_SanJose_00260,24.03658866882324,24.03658866882324,3073.915631155233,16.187283
US_SanJose_00261,7.371915817260742,7.371915817260742,3073.915631155233,18.35338
US_SanJose_00262,8.845147132873535,8.845147132873535,3073.915631155233,21.72528
US_SanJose_00263,15.575946807861328,15.575946807861328,3073.915631155233,26.994207
US_SanJose_00264,141.200439453125,141.200439453125,3073.915631155233,395.99084
US_SanJose_00265,3167.277099609375,3167.277099609375,3073.915631155233,5020.9146
US_SanJose_00266,4831.42529296875,4831.42529296875,3073.915631155233,5556.5596
US_SanJose_00267,6655.1552734375,6655.1552734375,3073.915631155233,7090.044
US_SanJose_00268,16729.4375,16729.4375,3073.915631155233,10156.708
US_SanJose_00269,14281.826171875,14281.826171875,3073.915631155233,10349.817
US_SanJose_00270,24503.349609375,24503.349609375,3073.915631155233,14309.421
US_SanJose_00271,15307.09375,15307.09375,3073.915631155233,14326.736
US_SanJose_00272,25840.400390625,25840.400390625,3073.915631155233,12071.024
US_SanJose_00273,24991.78515625,24991.78515625,3073.915631155233,12744.622
US_SanJose_00274,23170.181640625,23170.181640625,3073.915631155233,10394.502
US_SanJose_00275,18515.94140625,18515.94140625,3073.915631155233,12746.514
US_SanJose_00276,8799.3076171875,8799.3076171875,3073.915631155233,2755.89
US_SanJose_00277,739.8881225585938,739.8881225585938,3073.915631155233,45.86922
US_SanJose_00278,22.800518035888672,22.800518035888672,3073.915631155233,35.288975
US_SanJose_00279,50.75919723510742,50.75919723510742,3073.915631155233,28.284597
US_SanJose_00280,1.6512649059295654,1.6512649059295654,3073.915631155233,22.065346
US_SanJose_00281,19.50155258178711,19.50155258178711,3073.915631155233,12.126542
US_SanJose_00282,18.85850143432617,18.85850143432617,3073.915631155233,14.670269
US_SanJose_00283,55.38050079345703,55.38050079345703,3073.915631155233,16.231657
US_SanJose_00284,7.803469657897949,7.803469657897949,3073.915631155233,18.391336
US_SanJose_00285,4.307517051696777,4.307517051696777,3073.915631155233,21.72268
US_SanJose_00286,246.07843017578125,246.07843017578125,3073.915631155233,4599.338
US_SanJose_00287,372.8721923828125,372.8721923828125,3073.915631155233,5890.144
US_SanJose_00288,76.54963684082031,76.54963684082031,3073.915631155233,5819.0483
US_SanJose_00289,9769.3759765625,9769.3759765625,3073.915631155233,6793.4795
US_SanJose_00290,14805.7900390625,14805.7900390625,3073.915631155233,7549.704
US_SanJose_00291,19634.861328125,19634.861328125,3073.915631155233,11692.094
US_SanJose_00292,8245.447265625,8245.447265625,3073.915631155233,4427.621
US_SanJose_00293,14601.11328125,14601.11328125,3073.915631155233,9567.971
US_SanJose_00294,15700.7216796875,15700.7216796875,3073.915631155233,7232.891
US_SanJose_00295,10795.91015625,10795.91015625,3073.915631155233,13513.314
US_SanJose_00296,17258.171875,17258.171875,3073.915631155233,6151.4976
US_SanJose_00297,6634.6572265625,6634.6572265625,3073.915631155233,4756.159
US_SanJose_00298,1139.984130859375,1139.984130859375,3073.915631155233,2686.4006
US_SanJose_00299,30.019487380981445,30.019487380981445,3073.915631155233,2417.6646
US_SanJose_00300,123.44109344482422,123.44109344482422,3073.915631155233,30.048624
US_SanJose_00301,7.143754005432129,7.143754005432129,3073.915631155233,23.579027
US_SanJose_00302,22.27035522460937,22.27035522460937,3073.915631155233,10.371958
US_SanJose_00303,11.581378936767578,11.581378936767578,3073.915631155233,12.53171
US_SanJose_00304,17.957210540771484,17.957210540771484,3073.915631155233,1254.7994
US_SanJose_00305,22.88534927368164,22.88534927368164,3073.915631155233,16.475965
US_SanJose_00306,9.17038917541504,9.17038917541504,3073.915631155233,18.40615
US_SanJose_00307,6.924374580383301,6.924374580383301,3073.915631155233,21.85488
US_SanJose_00308,1.3984191417694092,1.3984191417694092,3073.915631155233,28.147305
US_SanJose_00309,1.7520846128463743,1.7520846128463743,3073.915631155233,4829.559
US_SanJose_00310,214.44760131835935,214.44760131835935,3073.915631155233,41.551888
US_SanJose_00311,55.80923461914063,55.80923461914063,3073.915631155233,4919.8604
US_SanJose_00312,7311.9013671875,7311.9013671875,3073.915631155233,4141.4897
US_SanJose_00313,5164.986328125,5164.986328125,3073.915631155233,1400.6665
US_SanJose_00314,1456.5235595703125,1456.5235595703125,3073.915631155233,7537.594
US_SanJose_00315,2364.465576171875,2364.465576171875,3073.915631155233,6591.779
US_SanJose_00316,8611.701171875,8611.701171875,3073.915631155233,3022.8933
US_SanJose_00317,15780.748046875,15780.748046875,3073.915631155233,10755.805
US_SanJose_00318,11369.57421875,11369.57421875,3073.915631155233,55.499073
US_SanJose_00319,2710.725830078125,2710.725830078125,3073.915631155233,2411.6812
US_SanJose_00320,276.77313232421875,276.77313232421875,3073.915631155233,44.388664
US_SanJose_00321,13.813026428222656,13.813026428222656,3073.915631155233,38.392437
US_SanJose_00322,41.97687530517578,41.97687530517578,3073.915631155233,2143.745
US_SanJose_00323,31.721450805664062,31.721450805664062,3073.915631155233,25.595524
US_SanJose_00324,3.941479444503784,3.941479444503784,3073.915631155233,20.296766
US_SanJose_00325,41.24040985107422,41.24040985107422,3073.915631155233,10.584378
US_SanJose_00326,10.802886009216309,10.802886009216309,3073.915631155233,12.382066
US_SanJose_00327,50.07705307006836,50.07705307006836,3073.915631155233,14.622718
US_SanJose_00328,20.570919036865234,20.570919036865234,3073.915631155233,16.659248
US_SanJose_00329,15.607348442077637,15.607348442077637,3073.915631155233,18.500345
US_SanJose_00330,9.757942199707031,9.757942199707031,3073.915631155233,21.893576
US_SanJose_00331,45.15068054199219,45.15068054199219,3073.915631155233,3320.6707
US_SanJose_00332,5.490106582641602,5.490106582641602,3073.915631155233,4523.322
US_SanJose_00333,11.995454788208008,11.995454788208008,3073.915631155233,4428.9272
US_SanJose_00334,832.5504150390625,832.5504150390625,3073.915631155233,39.59128
US_SanJose_00335,8787.6962890625,8787.6962890625,3073.915631155233,2545.297
US_SanJose_00336,4007.36962890625,4007.36962890625,3073.915631155233,4119.4126
US_SanJose_00337,951.7080078125,951.7080078125,3073.915631155233,3153.7937
US_SanJose_00338,5190.38916015625,5190.38916015625,3073.915631155233,3401.2695
US_SanJose_00339,7678.6015625,7678.6015625,3073.915631155233,4735.1064
US_SanJose_00340,8650.591796875,8650.591796875,3073.915631155233,5740.4604
US_SanJose_00341,1783.07177734375,1783.07177734375,3073.915631155233,779.6548
US_SanJose_00342,131.23397827148438,131.23397827148438,3073.915631155233,1417.1127
US_SanJose_00343,44.07271194458008,44.07271194458008,3073.915631155233,2378.1616
US_SanJose_00344,4.7120513916015625,4.7120513916015625,3073.915631155233,2086.8904
US_SanJose_00345,13.279655456542969,13.279655456542969,3073.915631155233,26.233929
US_SanJose_00346,11.20569896697998,11.20569896697998,3073.915631155233,21.251366
US_SanJose_00347,3.4703683853149414,3.4703683853149414,3073.915631155233,17.517328
US_SanJose_00348,109.90283966064452,109.90283966064452,3073.915631155233,7.7580476
US_SanJose_00349,51.93909454345703,51.93909454345703,3073.915631155233,8.61351
US_SanJose_00350,93.6132354736328,93.6132354736328,3073.915631155233,9.556527
US_SanJose_00351,48.45076751708984,48.45076751708984,3073.915631155233,10.787554
US_SanJose_00352,10.638368606567385,10.638368606567385,3073.915631155233,12.320577
US_SanJose_00353,34.18791198730469,34.18791198730469,3073.915631155233,14.5367775
US_SanJose_00354,118.70915222167967,118.70915222167967,3073.915631155233,1624.8607
US_SanJose_00355,31.980201721191406,31.980201721191406,3073.915631155233,19.147121
US_SanJose_00356,22.41876602172852,22.41876602172852,3073.915631155233,20.887508
US_SanJose_00357,81.57535552978516,81.57535552978516,3073.915631155233,24.464718
US_SanJose_00358,1.5045454502105713,1.5045454502105713,3073.915631155233,28.549156
US_SanJose_00359,10.932171821594238,10.932171821594238,3073.915631155233,31.364126
US_SanJose_00360,68.88159942626953,68.88159942626953,3073.915631155233,349.73047
US_SanJose_00361,149.92041015625,149.92041015625,3073.915631155233,3193.0789
US_SanJose_00362,75.850830078125,75.850830078125,3073.915631155233,35.77292
US_SanJose_00363,540.100341796875,540.100341796875,3073.915631155233,35.51926
US_SanJose_00364,4070.775634765625,4070.775634765625,3073.915631155233,427.52087
US_SanJose_00365,581.9329223632812,581.9329223632812,3073.915631155233,726.9744
US_SanJose_00366,31.058948516845703,31.058948516845703,3073.915631155233,34.8581
US_SanJose_00367,35.32298278808594,35.32298278808594,3073.915631155233,32.64387
US_SanJose_00368,35.61790466308594,35.61790466308594,3073.915631155233,30.711878
US_SanJose_00369,6.027005672454834,6.027005672454834,3073.915631155233,1811.4478
US_SanJose_00370,2.6361231803894043,2.6361231803894043,3073.915631155233,25.083927
US_SanJose_00371,4.088327884674072,4.088327884674072,3073.915631155233,20.935516
US_SanJose_00372,3.7853851318359375,3.7853851318359375,3073.915631155233,17.77344
US_SanJose_00373,3.3899025917053223,3.3899025917053223,3073.915631155233,15.064061
US_SanJose_00374,69.34522247314453,69.34522247314453,3073.915631155233,650.50586
US_SanJose_00375,22.215978622436523,22.215978622436523,3073.915631155233,9.453369
US_SanJose_00376,27.03025245666504,27.03025245666504,3073.915631155233,10.016504
US_SanJose_00377,27.15772819519043,27.15772819519043,3073.915631155233,11.017218
US_SanJose_00378,10.447409629821776,10.447409629821776,3073.915631155233,12.386629
US_SanJose_00379,19.363496780395508,19.363496780395508,3073.915631155233,14.223738
US_SanJose_00380,65.4305648803711,65.4305648803711,3073.915631155233,17.079601
US_SanJose_00381,38.77118682861328,38.77118682861328,3073.915631155233,2052.928
US_SanJose_00382,17.02762222290039,17.02762222290039,3073.915631155233,20.51511
US_SanJose_00383,15.965934753417969,15.965934753417969,3073.915631155233,22.458961
US_SanJose_00384,298.1563415527344,298.1563415527344,3073.915631155233,2892.4146
US_SanJose_00385,220.1371917724609,220.1371917724609,3073.915631155233,2998.5437
US_SanJose_00386,47.734649658203125,47.734649658203125,3073.915631155233,998.3697
US_SanJose_00387,3.5812599658966064,3.5812599658966064,3073.915631155233,2646.5066
US_SanJose_00388,7.327652454376221,7.327652454376221,3073.915631155233,27.78309
US_SanJose_00389,6.845433712005615,6.845433712005615,3073.915631155233,26.697939
US_SanJose_00390,24.29217338562012,24.29217338562012,3073.915631155233,26.611803
US_SanJose_00391,3.654421806335449,3.654421806335449,3073.915631155233,26.080214
US_SanJose_00392,2.650643825531006,2.650643825531006,3073.915631155233,1432.6489
US_SanJose_00393,1.5589064359664917,1.5589064359664917,3073.915631155233,23.795319
US_SanJose_00394,1.321997880935669,1.321997880935669,3073.915631155233,21.892809
US_SanJose_00395,3.0678625106811523,3.0678625106811523,3073.915631155233,19.431072
US_SanJose_00396,2.31867790222168,2.31867790222168,3073.915631155233,17.059233
US_SanJose_00397,1.1039762496948242,1.1039762496948242,3073.915631155233,14.894803
US_SanJose_00398,13.328975677490234,13.328975677490234,3073.915631155233,7.083227
US_SanJose_00399,17.65816307067871,17.65816307067871,3073.915631155233,8.637946
US_SanJose_00400,2.8051648139953613,2.8051648139953613,3073.915631155233,790.89124
US_SanJose_00401,35.92751693725586,35.92751693725586,3073.915631155233,10.505912
US_SanJose_00402,24.75596618652344,24.75596618652344,3073.915631155233,11.381384
US_SanJose_00403,62.39392852783203,62.39392852783203,3073.915631155233,12.853431
US_SanJose_00404,32.58794403076172,32.58794403076172,3073.915631155233,14.232666
US_SanJose_00405,46.24390411376953,46.24390411376953,3073.915631155233,16.585558
US_SanJose_00406,260.2272644042969,260.2272644042969,3073.915631155233,1924.1797
US_SanJose_00407,89.38842010498047,89.38842010498047,3073.915631155233,20.544674
US_SanJose_00408,257.15399169921875,257.15399169921875,3073.915631155233,21.42121
US_SanJose_00409,621.0455322265625,621.0455322265625,3073.915631155233,23.03202
US_SanJose_00410,49.40660095214844,49.40660095214844,3073.915631155233,23.104235
US_SanJose_00411,2.2409980297088623,2.2409980297088623,3073.915631155233,22.925322
US_SanJose_00412,18.957786560058597,18.957786560058597,3073.915631155233,22.810125
US_SanJose_00413,14.44491481781006,14.44491481781006,3073.915631155233,21.809092
US_SanJose_00414,1.484740972518921,1.484740972518921,3073.915631155233,20.064318
US_SanJose_00415,10.007247924804688,10.007247924804688,3073.915631155233,6.106001
US_SanJose_00416,5.732654571533203,5.732654571533203,3073.915631155233,7.1526375
US_SanJose_00417,16.50003433227539,16.50003433227539,3073.915631155233,8.384139
US_SanJose_00418,66.23497772216797,66.23497772216797,3073.915631155233,9.797166
US_SanJose_00419,37.20228958129883,37.20228958129883,3073.915631155233,10.881329
US_SanJose_00420,16.606983184814453,16.606983184814453,3073.915631155233,11.946165
US_SanJose_00421,198.61671447753903,198.61671447753903,3073.915631155233,1082.2155
US_SanJose_00422,153.92117309570312,153.92117309570312,3073.915631155233,14.823162
US_SanJose_00423,589.5308837890625,589.5308837890625,3073.915631155233,16.623358
US_SanJose_00424,804.9598999023438,804.9598999023438,3073.915631155233,19.333612
US_SanJose_00425,2919.386474609375,2919.386474609375,3073.915631155233,1583.1332
US_SanJose_00426,2016.7230224609373,2016.7230224609373,3073.915631155233,542.6016
US_SanJose_00427,35.66050720214844,35.66050720214844,3073.915631155233,2242.2913
US_SanJose_00428,10.274665832519531,10.274665832519531,3073.915631155233,18.63683
US_SanJose_00429,16.25359344482422,16.25359344482422,3073.915631155233,18.188684
US_SanJose_00430,20.85024642944336,20.85024642944336,3073.915631155233,17.66707
US_SanJose_00431,1.7474056482315063,1.7474056482315063,3073.915631155233,16.581238
US_SanJose_00432,4.400314807891846,4.400314807891846,3073.915631155233,16.283539
US_SanJose_00433,3.66579270362854,3.66579270362854,3073.915631155233,15.448489
US_SanJose_00434,5.752443790435791,5.752443790435791,3073.915631155233,14.386836
US_SanJose_00435,5.735614776611328,5.735614776611328,3073.915631155233,13.265244
US_SanJose_00436,4.960263729095459,4.960263729095459,3073.915631155233,5.2914658
US_SanJose_00437,3.090676069259644,3.090676069259644,3073.915631155233,6.1730886
US_SanJose_00438,2.3616480827331543,2.3616480827331543,3073.915631155233,7.228142
US_SanJose_00439,10.09658908843994,10.09658908843994,3073.915631155233,8.536388
US_SanJose_00440,461.0732421875,461.0732421875,3073.915631155233,10.279363
US_SanJose_00441,176.5048828125,176.5048828125,3073.915631155233,983.32007
US_SanJose_00442,209.91928100585935,209.91928100585935,3073.915631155233,12.199226
US_SanJose_00443,246.5928192138672,246.5928192138672,3073.915631155233,13.484897
US_SanJose_00444,360.1379699707031,360.1379699707031,3073.915631155233,371.54315
US_SanJose_00445,4244.328125,4244.328125,3073.915631155233,978.0455
US_SanJose_00446,7207.068359375,7207.068359375,3073.915631155233,1985.9397
US_SanJose_00447,7358.2216796875,7358.2216796875,3073.915631155233,1373.9303
US_SanJose_00448,2055.827880859375,2055.827880859375,3073.915631155233,1749.6825
US_SanJose_00449,440.5036010742188,440.5036010742188,3073.915631155233,2233.7073
US_SanJose_00450,1.9122354984283447,1.9122354984283447,3073.915631155233,14.055583
US_SanJose_00451,32.38980865478516,32.38980865478516,3073.915631155233,13.790903
US_SanJose_00452,9.26284408569336,9.26284408569336,3073.915631155233,13.126872
US_SanJose_00453,6.426628589630127,6.426628589630127,3073.915631155233,11.411849
US_SanJose_00454,1.012654423713684,1.012654423713684,3073.915631155233,10.479703
US_SanJose_00455,4.113739967346191,4.113739967346191,3073.915631155233,7.330439
US_SanJose_00456,14.598525047302246,14.598525047302246,3073.915631155233,8.994776
US_SanJose_00457,424.4955749511719,424.4955749511719,3073.915631155233,1022.79614
US_SanJose_00458,403.3929138183594,403.3929138183594,3073.915631155233,12.186964
US_SanJose_00459,139.6649627685547,139.6649627685547,3073.915631155233,12.518012
US_SanJose_00460,160.4020538330078,160.4020538330078,3073.915631155233,89.34266
US_SanJose_00461,710.8126831054688,710.8126831054688,3073.915631155233,325.69742
US_SanJose_00462,3413.6552734375,3413.6552734375,3073.915631155233,689.8706
US_SanJose_00463,2796.611328125,2796.611328125,3073.915631155233,912.46857
US_SanJose_00464,4191.02734375,4191.02734375,3073.915631155233,1599.3914
US_SanJose_00465,1046.6646728515625,1046.6646728515625,3073.915631155233,1666.7705
US_SanJose_00466,51.366153717041016,51.366153717041016,3073.915631155233,1914.8309
US_SanJose_00467,1.6132099628448486,1.6132099628448486,3073.915631155233,15.73095
US_SanJose_00468,1.6283619403839111,1.6283619403839111,3073.915631155233,13.925699
US_SanJose_00469,1.409929275512695,1.409929275512695,3073.915631155233,12.12749
US_SanJose_00470,11.272013664245604,11.272013664245604,3073.915631155233,11.890846
US_SanJose_00471,20.04971694946289,20.04971694946289,3073.915631155233,11.331745
US_SanJose_00472,2.4071502685546875,2.4071502685546875,3073.915631155233,5.2706895
US_SanJose_00473,2.5709011554718018,2.5709011554718018,3073.915631155233,6.2500815
US_SanJose_00474,4.283490180969238,4.283490180969238,3073.915631155233,7.554528
US_SanJose_00475,743.9073486328125,743.9073486328125,3073.915631155233,9.435919
US_SanJose_00476,2878.08544921875,2878.08544921875,3073.915631155233,214.86494
US_SanJose_00477,6613.1513671875,6613.1513671875,3073.915631155233,1239.4772
US_SanJose_00478,333.0503234863281,333.0503234863281,3073.915631155233,1030.5206
US_SanJose_00479,290.80908203125,290.80908203125,3073.915631155233,112.684
US_SanJose_00480,1581.059814453125,1581.059814453125,3073.915631155233,192.3458
US_SanJose_00481,1114.2989501953125,1114.2989501953125,3073.915631155233,14.623812
US_SanJose_00482,982.649658203125,982.649658203125,3073.915631155233,15.410768
US_SanJose_00483,3723.4130859375,3723.4130859375,3073.915631155233,603.4398
US_SanJose_00484,1180.6510009765625,1180.6510009765625,3073.915631155233,1658.0352
US_SanJose_00485,3.287572145462036,3.287572145462036,3073.915631155233,15.439756
US_SanJose_00486,1.0427179336547852,1.0427179336547852,3073.915631155233,12.131005
US_SanJose_00487,1.477739334106445,1.477739334106445,3073.915631155233,11.042802
US_SanJose_00488,1.3902831077575684,1.3902831077575684,3073.915631155233,10.851956
US_SanJose_00489,1.0187759399414062,1.0187759399414062,3073.915631155233,10.679872
US_SanJose_00490,1.2579305171966553,1.2579305171966553,3073.915631155233,10.549081
US_SanJose_00491,3.343499660491944,3.343499660491944,3073.915631155233,10.325088
US_SanJose_00492,5.791635513305664,5.791635513305664,3073.915631155233,9.930674
US_SanJose_00493,164.64779663085938,164.64779663085938,3073.915631155233,3.9750538
US_SanJose_00494,1.256389856338501,1.256389856338501,3073.915631155233,6.310943
US_SanJose_00495,229.2955322265625,229.2955322265625,3073.915631155233,7.9455175
US_SanJose_00496,2223.91162109375,2223.91162109375,3073.915631155233,653.86395
US_SanJose_00497,12487.634765625,12487.634765625,3073.915631155233,909.0527
US_SanJose_00498,10084.3017578125,10084.3017578125,3073.915631155233,1390.2184
US_SanJose_00499,439.0813293457031,439.0813293457031,3073.915631155233,146.04414
US_SanJose_00500,629.1500244140625,629.1500244140625,3073.915631155233,12.176298
US_SanJose_00501,1170.393310546875,1170.393310546875,3073.915631155233,140.66393
US_SanJose_00502,779.880126953125,779.880126953125,3073.915631155233,1050.3557
US_SanJose_00503,236.53152465820312,236.53152465820312,3073.915631155233,13.056242
US_SanJose_00504,1246.671142578125,1246.671142578125,3073.915631155233,121.62953
US_SanJose_00505,598.5550537109375,598.5550537109375,3073.915631155233,1241.1313
US_SanJose_00506,2.0387539863586426,2.0387539863586426,3073.915631155233,12.5725355
US_SanJose_00507,1.0400015115737915,1.0400015115737915,3073.915631155233,10.270004
US_SanJose_00508,1.5151209831237793,1.5151209831237793,3073.915631155233,10.029262
US_SanJose_00509,1.721021056175232,1.721021056175232,3073.915631155233,9.835011
US_SanJose_00510,5.574552536010742,5.574552536010742,3073.915631155233,8.8168335
US_SanJose_00511,2.387112855911255,2.387112855911255,3073.915631155233,8.384588
US_SanJose_00512,69.73429870605469,69.73429870605469,3073.915631155233,3.8854637
US_SanJose_00513,2.0398542881011963,2.0398542881011963,3073.915631155233,6.382849
US_SanJose_00514,614.6405639648438,614.6405639648438,3073.915631155233,192.17322
US_SanJose_00515,5540.462890625,5540.462890625,3073.915631155233,490.69055
US_SanJose_00516,11050.431640625,11050.431640625,3073.915631155233,795.3614
US_SanJose_00517,1373.07373046875,1373.07373046875,3073.915631155233,616.6609
US_SanJose_00518,547.575439453125,547.575439453125,3073.915631155233,82.533264
US_SanJose_00519,1018.2089233398438,1018.2089233398438,3073.915631155233,11.454211
US_SanJose_00520,922.462646484375,922.462646484375,3073.915631155233,1014.52985
US_SanJose_00521,145.33763122558594,145.33763122558594,3073.915631155233,11.438302
US_SanJose_00522,48.46227264404297,48.46227264404297,3073.915631155233,10.835368
US_SanJose_00523,7.890668392181396,7.890668392181396,3073.915631155233,10.828597
US_SanJose_00524,1.8632224798202517,1.8632224798202517,3073.915631155233,10.857363
US_SanJose_00525,2.1793031692504883,2.1793031692504883,3073.915631155233,10.243455
US_SanJose_00526,1.595357894897461,1.595357894897461,3073.915631155233,9.695119
US_SanJose_00527,1.7243365049362185,1.7243365049362185,3073.915631155233,9.338882
US_SanJose_00528,1.0093674659729004,1.0093674659729004,3073.915631155233,9.136233
US_SanJose_00529,1.016244649887085,1.016244649887085,3073.915631155233,8.711287
US_SanJose_00530,1.618826985359192,1.618826985359192,3073.915631155233,7.9415092
US_SanJose_00531,1.3944909572601318,1.3944909572601318,3073.915631155233,7.633553
US_SanJose_00532,19.755535125732425,19.755535125732425,3073.915631155233,4.2631526
US_SanJose_00533,8.454147338867188,8.454147338867188,3073.915631155233,5.0618405
US_SanJose_00534,52.251102447509766,52.251102447509766,3073.915631155233,129.18736
US_SanJose_00535,126.65966033935548,126.65966033935548,3073.915631155233,137.15662
US_SanJose_00536,256.8999328613281,256.8999328613281,3073.915631155233,227.16751
US_SanJose_00537,209.5078125,209.5078125,3073.915631155233,377.1321
US_SanJose_00538,186.11993408203125,186.11993408203125,3073.915631155233,9.513376
US_SanJose_00539,613.5725708007812,613.5725708007812,3073.915631155233,9.869833
US_SanJose_00540,419.472412109375,419.472412109375,3073.915631155233,977.947
US_SanJose_00541,50.80362701416016,50.80362701416016,3073.915631155233,10.600168
US_SanJose_00542,5.784006595611572,5.784006595611572,3073.915631155233,9.569243
US_SanJose_00543,3.7334799766540527,3.7334799766540527,3073.915631155233,9.056071
US_SanJose_00544,1.3008365631103516,1.3008365631103516,3073.915631155233,8.298871
US_SanJose_00545,1.0147311687469482,1.0147311687469482,3073.915631155233,8.060504
US_SanJose_00546,1.3170959949493408,1.3170959949493408,3073.915631155233,7.907472
US_SanJose_00547,1.09899640083313,1.09899640083313,3073.915631155233,7.729664
US_SanJose_00548,2.161314010620117,2.161314010620117,3073.915631155233,7.317296
US_SanJose_00549,2.6131458282470703,2.6131458282470703,3073.915631155233,7.2595267
US_SanJose_00550,1.703855276107788,1.703855276107788,3073.915631155233,6.9982243
US_SanJose_00551,1.2472221851348877,1.2472221851348877,3073.915631155233,6.318084
US_SanJose_00552,1.271573543548584,1.271573543548584,3073.915631155233,5.974325
US_SanJose_00553,3.261983871459961,3.261983871459961,3073.915631155233,4.925568
US_SanJose_00554,6.4451518058776855,6.4451518058776855,3073.915631155233,4.6644425
US_SanJose_00555,82.6956787109375,82.6956787109375,3073.915631155233,5.505482
US_SanJose_00556,94.91473388671876,94.91473388671876,3073.915631155233,6.388707
US_SanJose_00557,174.74310302734375,174.74310302734375,3073.915631155233,95.929985
US_SanJose_00558,290.37994384765625,290.37994384765625,3073.915631155233,7.6615233
US_SanJose_00559,408.9140930175781,408.9140930175781,3073.915631155233,7.8538914
US_SanJose_00560,313.1917419433594,313.1917419433594,3073.915631155233,8.518562
US_SanJose_00561,80.34738159179688,80.34738159179688,3073.915631155233,871.7814
US_SanJose_00562,14.766867637634276,14.766867637634276,3073.915631155233,829.4519
US_SanJose_00563,1.1065852642059326,1.1065852642059326,3073.915631155233,7.4731803
US_SanJose_00564,1.301555037498474,1.301555037498474,3073.915631155233,7.0418863
US_SanJose_00565,1.0050106048583984,1.0050106048583984,3073.915631155233,6.7388186
US_SanJose_00566,2.911763429641724,2.911763429641724,3073.915631155233,6.7299423
US_SanJose_00567,4.237968921661377,4.237968921661377,3073.915631155233,6.6611495
US_SanJose_00568,1.7770202159881592,1.7770202159881592,3073.915631155233,6.467791
US_SanJose_00569,1.0215829610824585,1.0215829610824585,3073.915631155233,6.20045
US_SanJose_00570,1.5343823432922363,1.5343823432922363,3073.915631155233,5.942525
US_SanJose_00571,3.0647010803222656,3.0647010803222656,3073.915631155233,5.627169
US_SanJose_00572,2.8172919750213623,2.8172919750213623,3073.915631155233,5.235802
US_SanJose_00573,2.474921226501465,2.474921226501465,3073.915631155233,4.6363463
US_SanJose_00574,11.30005931854248,11.30005931854248,3073.915631155233,4.841626
US_SanJose_00575,12.44077968597412,12.44077968597412,3073.915631155233,5.4987926
US_SanJose_00576,64.19735717773438,64.19735717773438,3073.915631155233,6.0785275
US_SanJose_00577,157.5987548828125,157.5987548828125,3073.915631155233,6.4319053
US_SanJose_00578,56.16324615478516,56.16324615478516,3073.915631155233,6.731845
US_SanJose_00579,32.297760009765625,32.297760009765625,3073.915631155233,7.1169705
US_SanJose_00580,25.173830032348636,25.173830032348636,3073.915631155233,7.5655184
US_SanJose_00581,12.263632774353027,12.263632774353027,3073.915631155233,7.4448624
US_SanJose_00582,1.573772430419922,1.573772430419922,3073.915631155233,6.183264
US_SanJose_00583,1.198217749595642,1.198217749595642,3073.915631155233,6.2096615
US_SanJose_00584,5.442194938659668,5.442194938659668,3073.915631155233,6.19529
US_SanJose_00585,2.317279815673828,2.317279815673828,3073.915631155233,6.1110845
US_SanJose_00586,5.075454711914063,5.075454711914063,3073.915631155233,5.957694
US_SanJose_00587,10.065143585205078,10.065143585205078,3073.915631155233,5.7532525
US_SanJose_00588,8.593242645263672,8.593242645263672,3073.915631155233,5.5094943
US_SanJose_00589,2.876750946044922,2.876750946044922,3073.915631155233,5.2065525
US_SanJose_00590,1.1736047267913818,1.1736047267913818,3073.915631155233,4.5736003
US_SanJose_00591,1.6557109355926514,1.6557109355926514,3073.915631155233,4.3075585
US_SanJose_00592,9.338122367858888,9.338122367858888,3073.915631155233,4.9450502
US_SanJose_00593,72.2279281616211,72.2279281616211,3073.915631155233,5.410552
US_SanJose_00594,26.93251609802246,26.93251609802246,3073.915631155233,5.688076
US_SanJose_00595,20.886150360107425,20.886150360107425,3073.915631155233,5.909235
US_SanJose_00596,20.019649505615234,20.019649505615234,3073.915631155233,6.0955873
US_SanJose_00597,11.432315826416016,11.432315826416016,3073.915631155233,6.162416
US_SanJose_00598,1.0502780675888062,1.0502780675888062,3073.915631155233,5.589767
US_SanJose_00599,2.3320794105529785,2.3320794105529785,3073.915631155233,5.6733065
US_SanJose_00600,6.656830787658691,6.656830787658691,3073.915631155233,5.663369
US_SanJose_00601,5.252445697784424,5.252445697784424,3073.915631155233,5.5884314
US_SanJose_00602,8.040304183959961,8.040304183959961,3073.915631155233,5.458428
US_SanJose_00603,9.252304077148438,9.252304077148438,3073.915631155233,5.279016
US_SanJose_00604,10.914020538330078,10.914020538330078,3073.915631155233,5.0489907
US_SanJose_00605,2.238563060760498,2.238563060760498,3073.915631155233,4.7654986
US_SanJose_00606,1.289046287536621,1.289046287536621,3073.915631155233,4.458724
US_SanJose_00607,5.288348197937012,5.288348197937012,3073.915631155233,4.702712
US_SanJose_00608,28.214284896850582,28.214284896850582,3073.915631155233,37.169033
US_SanJose_00609,6.948940277099609,6.948940277099609,3073.915631155233,5.1667843
US_SanJose_00610,13.462308883666992,13.462308883666992,3073.915631155233,5.2797365
US_SanJose_00611,5.4869489669799805,5.4869489669799805,3073.915631155233,5.361209
US_SanJose_00612,3.4401683807373047,3.4401683807373047,3073.915631155233,5.3196216
US_SanJose_00613,2.5209107398986816,2.5209107398986816,3073.915631155233,5.081385
US_SanJose_00614,4.240888595581055,4.240888595581055,3073.915631155233,5.124807
US_SanJose_00615,6.6789422035217285,6.6789422035217285,3073.915631155233,5.075855
US_SanJose_00616,6.216900825500488,6.216900825500488,3073.915631155233,4.964971
US_SanJose_00617,10.242965698242188,10.242965698242188,3073.915631155233,4.7960906
US_SanJose_00618,1.1921532154083252,1.1921532154083252,3073.915631155233,4.5486784
US_SanJose_00619,193.8384246826172,193.8384246826172,3073.915631155233,3.967774
US_SanJose_00620,105.3102035522461,105.3102035522461,3073.915631155233,222.34317
US_SanJose_00621,18.927156448364254,18.927156448364254,3073.915631155233,4.672624
US_SanJose_00622,3.08644962310791,3.08644962310791,3073.915631155233,4.6747174
US_SanJose_00623,10.01718521118164,10.01718521118164,3073.915631155233,4.7627234
US_SanJose_00624,5.963019847869873,5.963019847869873,3073.915631155233,4.7756276
US_SanJose_00625,1.064607858657837,1.064607858657837,3073.915631155233,4.553647
US_SanJose_00626,1.89781391620636,1.89781391620636,3073.915631155233,4.5611286
US_SanJose_00627,1.7638357877731323,1.7638357877731323,3073.915631155233,4.5384607
US_SanJose_00628,2.597332239151001,2.597332239151001,3073.915631155233,4.444751
US_SanJose_00629,4.762371063232422,4.762371063232422,3073.915631155233,4.283709
US_SanJose_00630,124.92535400390624,124.92535400390624,3073.915631155233,3.6771846
US_SanJose_00631,52.92703628540039,52.92703628540039,3073.915631155233,4.097112
US_SanJose_00632,3.168161630630493,3.168161630630493,3073.915631155233,4.238037
US_SanJose_00633,3.469308853149414,3.469308853149414,3073.915631155233,4.3264284
US_SanJose_00634,3.276601076126098,3.276601076126098,3073.915631155233,4.3175898
US_SanJose_00635,117.66954803466795,117.66954803466795,3073.915631155233,3.4229593
US_SanJose_00636,23.02239227294922,23.02239227294922,3073.915631155233,3.743525
US_SanJose_00637,70.96099853515625,70.96099853515625,3073.915631155233,43.972412
US_SanJose_00638,2.149172782897949,2.149172782897949,3073.915631155233,3.9773343
US_SanJose_00639,1.4458788633346558,1.4458788633346558,3073.915631155233,3.9855251
US_SanJose_00640,2.883384704589844,2.883384704589844,3073.915631155233,3.9277778
US_SanJose_00641,136.9600372314453,136.9600372314453,3073.915631155233,3.2302701
US_SanJose_00642,5.229457378387451,5.229457378387451,3073.915631155233,3.4701943
US_SanJose_00643,17.558713912963867,17.558713912963867,3073.915631155233,3.618251
US_SanJose_00644,4.330188751220703,4.330188751220703,3073.915631155233,3.6551046
US_SanJose_00645,2.6189615726470947,2.6189615726470947,3073.915631155233,3.6645477
US_SanJose_00646,2.157973289489746,2.157973289489746,3073.915631155233,3.0693543
US_SanJose_00647,1.115625262260437,1.115625262260437,3073.915631155233,3.2172582
US_SanJose_00648,2.904351234436035,2.904351234436035,3073.915631155233,3.2817433
US_SanJose_00649,2.4496467113494877,2.4496467113494877,3073.915631155233,3.401989
US_SanJose_00650,2.3587684631347656,2.3587684631347656,3073.915631155233,2.8948996
US_SanJose_00651,5.6415791511535645,5.6415791511535645,3073.915631155233,3.2350132
US_SanJose_00652,8.258157730102539,8.258157730102539,3073.915631155233,31.177534
US_SanJose_00653,1.001522421836853,1.001522421836853,3073.915631155233,3.0624423
US_SanJose_00654,4.368416786193848,4.368416786193848,3073.915631155233,3.111058
US_SanJose_00655,1.3896037340164185,1.3896037340164185,3073.915631155233,2.9630678
US_SanJose_00656,3.0154523849487305,3.0154523849487305,3073.915631155233,2.988105
US_SanJose_00657,1.110437035560608,1.110437035560608,3073.915631155233,3.2759442
US_SanJose_00658,1.270195722579956,1.270195722579956,3073.915631155233,2.9519913
US_SanJose_00659,2.8372364044189453,2.8372364044189453,3073.915631155233,2.9039612
US_SanJose_00660,3.2059426307678223,3.2059426307678223,3073.915631155233,171.17307
US_SanJose_00661,5.9732866287231445,5.9732866287231445,3073.915631155233,161.31778
US_SanJose_00662,1.9557254314422607,1.9557254314422607,3073.915631155233,2.6943462
